<BackupInst xmlns="http://www.microsoft.com/GroupPolicy/GPOOperations/Manifest"><GPOGuid><![CDATA[{B8EBE62B-39E9-4CDF-A252-3FCCB10B8333}]]></GPOGuid><GPODomain><![CDATA[OJT.local]]></GPODomain><GPODomainGuid><![CDATA[{528d9157-5ad5-4b8b-a7c2-57fe81470d04}]]></GPODomainGuid><GPODomainController><![CDATA[ADMY.OJT.local]]></GPODomainController><BackupTime><![CDATA[2023-08-29T05:41:49]]></BackupTime><ID><![CDATA[{5422BDE2-3D2A-4A75-B006-88EA0CA14F73}]]></ID><Comment><![CDATA[]]></Comment><GPODisplayName><![CDATA[win10 Pro - password and audit policy]]></GPODisplayName></BackupInst>
